geo_id,geo_name,geography_type,parent_metro_code,median_household_income,year
10180,"Abilene, TX",metro,,67328,2024
10380,"Aguadilla, PR",metro,,22398,2024
10420,"Akron, OH",metro,,72371,2024
10500,"Albany, GA",metro,,56906,2024
10540,"Albany, OR",metro,,76329,2024
10580,"Albany-Schenectady-Troy, NY",metro,,88074,2024
10740,"Albuquerque, NM",metro,,70783,2024
10780,"Alexandria, LA",metro,,56353,2024
10900,"Allentown-Bethlehem-Easton, PA-NJ",metro,,84587,2024
11020,"Altoona, PA",metro,,62382,2024
11100,"Amarillo, TX",metro,,69611,2024
11180,"Ames, IA",metro,,73127,2024
11200,"Amherst Town-Northampton, MA",metro,,87001,2024
11244,"Anaheim-Santa Ana-Irvine, CA",division,31080,116289,2024
11260,"Anchorage, AK",metro,,100505,2024
11460,"Ann Arbor, MI",metro,,89180,2024
11500,"Anniston-Oxford, AL",metro,,55029,2024
11540,"Appleton, WI",metro,,85825,2024
11640,"Arecibo, PR",metro,,25084,2024
11694,"Arlington-Alexandria-Reston, VA-WV",division,47900,140012,2024
11700,"Asheville, NC",metro,,71838,2024
12020,"Athens-Clarke County, GA",metro,,65608,2024
12060,"Atlanta-Sandy Springs-Roswell, GA",metro,,89724,2024
12100,"Atlantic City-Hammonton, NJ",metro,,82105,2024
12220,"Auburn-Opelika, AL",metro,,63649,2024
12260,"Augusta-Richmond County, GA-SC",metro,,69344,2024
12420,"Austin-Round Rock-San Marcos, TX",metro,,100431,2024
12540,"Bakersfield-Delano, CA",metro,,70210,2024
12580,"Baltimore-Columbia-Towson, MD",metro,,99470,2024
12620,"Bangor, ME",metro,,66356,2024
12700,"Barnstable Town, MA",metro,,95241,2024
12940,"Baton Rouge, LA",metro,,69599,2024
12980,"Battle Creek, MI",metro,,63177,2024
13020,"Bay City, MI",metro,,61763,2024
13140,"Beaumont-Port Arthur, TX",metro,,64659,2024
13220,"Beckley, WV",metro,,52620,2024
13380,"Bellingham, WA",metro,,81784,2024
13460,"Bend, OR",metro,,89788,2024
13740,"Billings, MT",metro,,77194,2024
13780,"Binghamton, NY",metro,,64590,2024
13820,"Birmingham, AL",metro,,71498,2024
13900,"Bismarck, ND",metro,,85156,2024
13980,"Blacksburg-Christiansburg-Radford, VA",metro,,65839,2024
14010,"Bloomington, IL",metro,,79905,2024
14020,"Bloomington, IN",metro,,65543,2024
14260,"Boise City, ID",metro,,85987,2024
14454,"Boston, MA",division,14460,111800,2024
14460,"Boston-Cambridge-Newton, MA-NH",metro,,115863,2024
14500,"Boulder, CO",metro,,103994,2024
14540,"Bowling Green, KY",metro,,63328,2024
14580,"Bozeman, MT",metro,,93528,2024
14740,"Bremerton-Silverdale-Port Orchard, WA",metro,,104158,2024
14860,"Bridgeport-Stamford-Danbury, CT",metro,,114565,2024
15180,"Brownsville-Harlingen, TX",metro,,52601,2024
15260,"Brunswick-St. Simons, GA",metro,,66623,2024
15380,"Buffalo-Cheektowaga, NY",metro,,72237,2024
15500,"Burlington, NC",metro,,65651,2024
15540,"Burlington-South Burlington, VT",metro,,93043,2024
15764,"Cambridge-Newton-Framingham, MA",division,14460,120883,2024
15804,"Camden, NJ",division,37980,99795,2024
15940,"Canton-Massillon, OH",metro,,67801,2024
15980,"Cape Coral-Fort Myers, FL",metro,,76107,2024
16020,"Cape Girardeau, MO-IL",metro,,66759,2024
16180,"Carson City, NV",metro,,72355,2024
16220,"Casper, WY",metro,,72156,2024
16300,"Cedar Rapids, IA",metro,,78080,2024
16540,"Chambersburg, PA",metro,,77003,2024
16580,"Champaign-Urbana, IL",metro,,65528,2024
16620,"Charleston, WV",metro,,60117,2024
16700,"Charleston-North Charleston, SC",metro,,85254,2024
16740,"Charlotte-Concord-Gastonia, NC-SC",metro,,83304,2024
16820,"Charlottesville, VA",metro,,93598,2024
16860,"Chattanooga, TN-GA",metro,,72161,2024
16940,"Cheyenne, WY",metro,,80173,2024
16980,"Chicago-Naperville-Elgin, IL-IN",metro,,90887,2024
16984,"Chicago-Naperville-Schaumburg, IL",division,16980,90170,2024
17020,"Chico, CA",metro,,67928,2024
17140,"Cincinnati, OH-KY-IN",metro,,81120,2024
17300,"Clarksville, TN-KY",metro,,68967,2024
17410,"Cleveland, OH",metro,,70678,2024
17420,"Cleveland, TN",metro,,66135,2024
17660,"Coeur d'Alene, ID",metro,,81861,2024
17780,"College Station-Bryan, TX",metro,,60087,2024
17820,"Colorado Springs, CO",metro,,90144,2024
17860,"Columbia, MO",metro,,72340,2024
17900,"Columbia, SC",metro,,68359,2024
17980,"Columbus, GA-AL",metro,,59336,2024
18020,"Columbus, IN",metro,,79901,2024
18140,"Columbus, OH",metro,,81945,2024
18580,"Corpus Christi, TX",metro,,67453,2024
18700,"Corvallis, OR",metro,,77702,2024
18880,"Crestview-Fort Walton Beach-Destin, FL",metro,,81993,2024
19100,"Dallas-Fort Worth-Arlington, TX",metro,,90275,2024
19124,"Dallas-Plano-Irving, TX",division,19100,92486,2024
19140,"Dalton, GA",metro,,67846,2024
19300,"Daphne-Fairhope-Foley, AL",metro,,78775,2024
19340,"Davenport-Moline-Rock Island, IA-IL",metro,,72738,2024
19430,"Dayton-Kettering-Beavercreek, OH",metro,,71739,2024
19460,"Decatur, AL",metro,,68116,2024
19500,"Decatur, IL",metro,,62666,2024
19660,"Deltona-Daytona Beach-Ormond Beach, FL",metro,,71277,2024
19740,"Denver-Aurora-Centennial, CO",metro,,105762,2024
19780,"Des Moines-West Des Moines, IA",metro,,85890,2024
19804,"Detroit-Dearborn-Livonia, MI",division,19820,60539,2024
19820,"Detroit-Warren-Dearborn, MI",metro,,76664,2024
20020,"Dothan, AL",metro,,57791,2024
20100,"Dover, DE",metro,,74477,2024
20220,"Dubuque, IA",metro,,77630,2024
20260,"Duluth, MN-WI",metro,,71769,2024
20500,"Durham-Chapel Hill, NC",metro,,83500,2024
20580,"Eagle Pass, TX",metro,,49568,2024
20740,"Eau Claire, WI",metro,,74595,2024
20940,"El Centro, CA",metro,,57681,2024
20994,"Elgin, IL",division,16980,100022,2024
21060,"Elizabethtown, KY",metro,,67534,2024
21140,"Elkhart-Goshen, IN",metro,,68561,2024
21300,"Elmira, NY",metro,,63716,2024
21340,"El Paso, TX",metro,,59751,2024
21420,"Enid, OK",metro,,66182,2024
21500,"Erie, PA",metro,,63354,2024
21660,"Eugene-Springfield, OR",metro,,71544,2024
21780,"Evansville, IN",metro,,68232,2024
21794,"Everett, WA",division,42660,111246,2024
21820,"Fairbanks-College, AK",metro,,88267,2024
22020,"Fargo, ND-MN",metro,,76756,2024
22140,"Farmington, NM",metro,,55872,2024
22180,"Fayetteville, NC",metro,,61763,2024
22220,"Fayetteville-Springdale-Rogers, AR",metro,,81650,2024
22380,"Flagstaff, AZ",metro,,72966,2024
22420,"Flint, MI",metro,,62281,2024
22500,"Florence, SC",metro,,54443,2024
22520,"Florence-Muscle Shoals, AL",metro,,61891,2024
22540,"Fond du Lac, WI",metro,,74275,2024
22660,"Fort Collins-Loveland, CO",metro,,93765,2024
22744,"Fort Lauderdale-Pompano Beach-Sunrise, FL",division,33100,77633,2024
22900,"Fort Smith, AR-OK",metro,,58468,2024
23060,"Fort Wayne, IN",metro,,71213,2024
23104,"Fort Worth-Arlington-Grapevine, TX",division,19100,85506,2024
23224,"Frederick-Gaithersburg-Bethesda, MD",division,47900,129927,2024
23420,"Fresno, CA",metro,,74468,2024
23460,"Gadsden, AL",metro,,54563,2024
23540,"Gainesville, FL",metro,,61468,2024
23580,"Gainesville, GA",metro,,80901,2024
23900,"Gettysburg, PA",metro,,84092,2024
24020,"Glens Falls, NY",metro,,75836,2024
24140,"Goldsboro, NC",metro,,59733,2024
24220,"Grand Forks, ND-MN",metro,,69836,2024
24260,"Grand Island, NE",metro,,69704,2024
24300,"Grand Junction, CO",metro,,73658,2024
24340,"Grand Rapids-Wyoming-Kentwood, MI",metro,,82874,2024
24420,"Grants Pass, OR",metro,,60098,2024
24500,"Great Falls, MT",metro,,67690,2024
24540,"Greeley, CO",metro,,97097,2024
24580,"Green Bay, WI",metro,,79267,2024
24660,"Greensboro-High Point, NC",metro,,65565,2024
24780,"Greenville, NC",metro,,58188,2024
24860,"Greenville-Anderson-Greer, SC",metro,,71240,2024
25020,"Guayama, PR",metro,,21186,2024
25060,"Gulfport-Biloxi, MS",metro,,62418,2024
25180,"Hagerstown-Martinsburg, MD-WV",metro,,78802,2024
25220,"Hammond, LA",metro,,56760,2024
25260,"Hanford-Corcoran, CA",metro,,70995,2024
25420,"Harrisburg-Carlisle, PA",metro,,80919,2024
25500,"Harrisonburg, VA",metro,,75065,2024
25540,"Hartford-West Hartford-East Hartford, CT",metro,,95118,2024
25620,"Hattiesburg, MS",metro,,60285,2024
25740,"Helena, MT",metro,,78528,2024
25860,"Hickory-Lenoir-Morganton, NC",metro,,62787,2024
25940,"Hilton Head Island-Bluffton-Port Royal, SC",metro,,83304,2024
25980,"Hinesville, GA",metro,,61709,2024
26140,"Homosassa Springs, FL",metro,,56546,2024
26300,"Hot Springs, AR",metro,,57181,2024
26380,"Houma-Bayou Cane-Thibodaux, LA",metro,,64038,2024
26420,"Houston-Pasadena-The Woodlands, TX",metro,,82168,2024
26580,"Huntington-Ashland, WV-KY-OH",metro,,60078,2024
26620,"Huntsville, AL",metro,,85989,2024
26820,"Idaho Falls, ID",metro,,80291,2024
26900,"Indianapolis-Carmel-Greenwood, IN",metro,,79852,2024
26980,"Iowa City, IA",metro,,75088,2024
27060,"Ithaca, NY",metro,,74024,2024
27100,"Jackson, MI",metro,,66073,2024
27140,"Jackson, MS",metro,,61644,2024
27180,"Jackson, TN",metro,,61177,2024
27260,"Jacksonville, FL",metro,,79643,2024
27340,"Jacksonville, NC",metro,,68148,2024
27500,"Janesville-Beloit, WI",metro,,75673,2024
27620,"Jefferson City, MO",metro,,74030,2024
27740,"Johnson City, TN",metro,,57762,2024
27780,"Johnstown, PA",metro,,58418,2024
27860,"Jonesboro, AR",metro,,56738,2024
27900,"Joplin, MO-KS",metro,,61901,2024
27980,"Kahului-Wailuku, HI",metro,,97109,2024
28020,"Kalamazoo-Portage, MI",metro,,72532,2024
28100,"Kankakee, IL",metro,,71281,2024
28140,"Kansas City, MO-KS",metro,,83460,2024
28420,"Kennewick-Richland, WA",metro,,89010,2024
28450,"Kenosha, WI",metro,,81239,2024
28660,"Killeen-Temple, TX",metro,,69923,2024
28700,"Kingsport-Bristol, TN-VA",metro,,57792,2024
28740,"Kingston, NY",metro,,86271,2024
28880,"Kiryas Joel-Poughkeepsie-Newburgh, NY",metro,,98233,2024
28940,"Knoxville, TN",metro,,72422,2024
29020,"Kokomo, IN",metro,,64027,2024
29100,"La Crosse-Onalaska, WI-MN",metro,,73340,2024
29180,"Lafayette, LA",metro,,60892,2024
29200,"Lafayette-West Lafayette, IN",metro,,62011,2024
29340,"Lake Charles, LA",metro,,66700,2024
29404,"Lake County, IL",division,16980,110416,2024
29414,"Lake County-Porter County-Jasper County, IN",division,16980,75120,2024
29420,"Lake Havasu City-Kingman, AZ",metro,,57684,2024
29460,"Lakeland-Winter Haven, FL",metro,,65978,2024
29484,"Lakewood-New Brunswick, NJ",division,35620,112244,2024
29540,"Lancaster, PA",metro,,86959,2024
29620,"Lansing-East Lansing, MI",metro,,72550,2024
29700,"Laredo, TX",metro,,63058,2024
29740,"Las Cruces, NM",metro,,56848,2024
29820,"Las Vegas-Henderson-North Las Vegas, NV",metro,,76472,2024
29940,"Lawrence, KS",metro,,69746,2024
30020,"Lawton, OK",metro,,60665,2024
30140,"Lebanon, PA",metro,,78425,2024
30300,"Lewiston, ID-WA",metro,,72475,2024
30340,"Lewiston-Auburn, ME",metro,,67873,2024
30460,"Lexington-Fayette, KY",metro,,71966,2024
30500,"Lexington Park, MD",metro,,126256,2024
30620,"Lima, OH",metro,,64038,2024
30700,"Lincoln, NE",metro,,75049,2024
30780,"Little Rock-North Little Rock-Conway, AR",metro,,67154,2024
30860,"Logan, UT-ID",metro,,81126,2024
30980,"Longview, TX",metro,,66647,2024
31020,"Longview-Kelso, WA",metro,,76531,2024
31080,"Los Angeles-Long Beach-Anaheim, CA",metro,,95958,2024
31084,"Los Angeles-Long Beach-Glendale, CA",division,31080,90112,2024
31140,"Louisville/Jefferson County, KY-IN",metro,,73863,2024
31180,"Lubbock, TX",metro,,63629,2024
31340,"Lynchburg, VA",metro,,68996,2024
31420,"Macon-Bibb County, GA",metro,,59526,2024
31540,"Madison, WI",metro,,88804,2024
31700,"Manchester-Nashua, NH",metro,,103545,2024
31740,"Manhattan, KS",metro,,65469,2024
31860,"Mankato, MN",metro,,75808,2024
31900,"Mansfield, OH",metro,,59509,2024
32420,"Mayagüez, PR",metro,,21163,2024
32580,"McAllen-Edinburg-Mission, TX",metro,,54338,2024
32780,"Medford, OR",metro,,73999,2024
32820,"Memphis, TN-MS-AR",metro,,66401,2024
32900,"Merced, CA",metro,,65510,2024
33100,"Miami-Fort Lauderdale-West Palm Beach, FL",metro,,76527,2024
33124,"Miami-Miami Beach-Kendall, FL",division,33100,71753,2024
33140,"Michigan City-La Porte, IN",metro,,71055,2024
33220,"Midland, MI",metro,,77705,2024
33260,"Midland, TX",metro,,92952,2024
33340,"Milwaukee-Waukesha, WI",metro,,78218,2024
33460,"Minneapolis-St. Paul-Bloomington, MN-WI",metro,,99833,2024
33500,"Minot, ND",metro,,78200,2024
33540,"Missoula, MT",metro,,74989,2024
33660,"Mobile, AL",metro,,58880,2024
33700,"Modesto, CA",metro,,81468,2024
33740,"Monroe, LA",metro,,51660,2024
33780,"Monroe, MI",metro,,77335,2024
33860,"Montgomery, AL",metro,,64010,2024
33874,"Montgomery County-Bucks County-Chester County, PA",division,37980,117678,2024
34060,"Morgantown, WV",metro,,64640,2024
34100,"Morristown, TN",metro,,60553,2024
34580,"Mount Vernon-Anacortes, WA",metro,,89263,2024
34620,"Muncie, IN",metro,,58127,2024
34740,"Muskegon-Norton Shores, MI",metro,,65024,2024
34820,"Myrtle Beach-Conway-North Myrtle Beach, SC",metro,,66880,2024
34900,"Napa, CA",metro,,111471,2024
34940,"Naples-Marco Island, FL",metro,,90045,2024
34980,"Nashville-Davidson--Murfreesboro--Franklin, TN",metro,,85447,2024
35004,"Nassau County-Suffolk County, NY",division,35620,137898,2024
35084,"Newark, NJ",division,35620,105500,2024
35300,"New Haven, CT",metro,,88197,2024
35380,"New Orleans-Metairie, LA",metro,,62655,2024
35614,"New York-Jersey City-White Plains, NY-NJ",division,35620,87995,2024
35620,"New York-Newark-Jersey City, NY-NJ",metro,,99155,2024
35660,"Niles, MI",metro,,65425,2024
35840,"North Port-Bradenton-Sarasota, FL",metro,,80859,2024
35980,"Norwich-New London-Willimantic, CT",metro,,86586,2024
36084,"Oakland-Fremont-Berkeley, CA",division,41860,128560,2024
36100,"Ocala, FL",metro,,61010,2024
36220,"Odessa, TX",metro,,71536,2024
36260,"Ogden, UT",metro,,101203,2024
36420,"Oklahoma City, OK",metro,,72094,2024
36500,"Olympia-Lacey-Tumwater, WA",metro,,96563,2024
36540,"Omaha, NE-IA",metro,,84829,2024
36740,"Orlando-Kissimmee-Sanford, FL",metro,,78533,2024
36780,"Oshkosh-Neenah, WI",metro,,74925,2024
36980,"Owensboro, KY",metro,,68002,2024
37100,"Oxnard-Thousand Oaks-Ventura, CA",metro,,109797,2024
37140,"Paducah, KY-IL",metro,,64160,2024
37340,"Palm Bay-Melbourne-Titusville, FL",metro,,78476,2024
37460,"Panama City-Panama City Beach, FL",metro,,71514,2024
37620,"Parkersburg-Vienna, WV",metro,,57391,2024
37860,"Pensacola-Ferry Pass-Brent, FL",metro,,75967,2024
37900,"Peoria, IL",metro,,71857,2024
37964,"Philadelphia, PA",division,37980,67714,2024
37980,"Philadelphia-Camden-Wilmington, PA-NJ-DE-MD",metro,,91289,2024
38060,"Phoenix-Mesa-Chandler, AZ",metro,,88301,2024
38240,"Pinehurst-Southern Pines, NC",metro,,86080,2024
38300,"Pittsburgh, PA",metro,,75762,2024
38340,"Pittsfield, MA",metro,,76013,2024
38540,"Pocatello, ID",metro,,66499,2024
38660,"Ponce, PR",metro,,22247,2024
38860,"Portland-South Portland, ME",metro,,92175,2024
38900,"Portland-Vancouver-Hillsboro, OR-WA",metro,,97436,2024
38940,"Port St. Lucie, FL",metro,,74514,2024
39150,"Prescott Valley-Prescott, AZ",metro,,69613,2024
39300,"Providence-Warwick, RI-MA",metro,,87040,2024
39340,"Provo-Orem-Lehi, UT",metro,,100704,2024
39380,"Pueblo, CO",metro,,64010,2024
39460,"Punta Gorda, FL",metro,,69952,2024
39540,"Racine-Mount Pleasant, WI",metro,,78096,2024
39580,"Raleigh-Cary, NC",metro,,100103,2024
39660,"Rapid City, SD",metro,,75255,2024
39740,"Reading, PA",metro,,79777,2024
39820,"Redding, CA",metro,,72636,2024
39900,"Reno, NV",metro,,87485,2024
40060,"Richmond, VA",metro,,86679,2024
40140,"Riverside-San Bernardino-Ontario, CA",metro,,89662,2024
40220,"Roanoke, VA",metro,,68761,2024
40340,"Rochester, MN",metro,,91882,2024
40380,"Rochester, NY",metro,,76284,2024
40420,"Rockford, IL",metro,,68033,2024
40484,"Rockingham County-Strafford County, NH",division,14460,110161,2024
40580,"Rocky Mount, NC",metro,,59636,2024
40660,"Rome, GA",metro,,65565,2024
40900,"Sacramento-Roseville-Folsom, CA",metro,,97188,2024
40980,"Saginaw, MI",metro,,60622,2024
41060,"St. Cloud, MN",metro,,76497,2024
41100,"St. George, UT",metro,,80632,2024
41140,"St. Joseph, MO-KS",metro,,65005,2024
41180,"St. Louis, MO-IL",metro,,80196,2024
41420,"Salem, OR",metro,,78900,2024
41500,"Salinas, CA",metro,,97230,2024
41540,"Salisbury, MD",metro,,73802,2024
41620,"Salt Lake City-Murray, UT",metro,,98083,2024
41660,"San Angelo, TX",metro,,68419,2024
41700,"San Antonio-New Braunfels, TX",metro,,76213,2024
41740,"San Diego-Chula Vista-Carlsbad, CA",metro,,106268,2024
41780,"Sandusky, OH",metro,,73502,2024
41860,"San Francisco-Oakland-Fremont, CA",metro,,136027,2024
41884,"San Francisco-San Mateo-Redwood City, CA",division,41860,148514,2024
41940,"San Jose-Sunnyvale-Santa Clara, CA",metro,,162111,2024
41980,"San Juan-Bayamón-Caguas, PR",metro,,29276,2024
42020,"San Luis Obispo-Paso Robles, CA",metro,,97446,2024
42034,"San Rafael, CA",division,41860,149091,2024
42100,"Santa Cruz-Watsonville, CA",metro,,111093,2024
42140,"Santa Fe, NM",metro,,79071,2024
42200,"Santa Maria-Santa Barbara, CA",metro,,98161,2024
42220,"Santa Rosa-Petaluma, CA",metro,,104674,2024
42340,"Savannah, GA",metro,,77180,2024
42540,"Scranton--Wilkes-Barre, PA",metro,,65158,2024
42644,"Seattle-Bellevue-Kent, WA",division,42660,124746,2024
42660,"Seattle-Tacoma-Bellevue, WA",metro,,115177,2024
42680,"Sebastian-Vero Beach-West Vero Corridor, FL",metro,,73491,2024
42700,"Sebring, FL",metro,,54897,2024
43100,"Sheboygan, WI",metro,,73094,2024
43300,"Sherman-Denison, TX",metro,,72182,2024
43340,"Shreveport-Bossier City, LA",metro,,55925,2024
43420,"Sierra Vista-Douglas, AZ",metro,,59742,2024
43580,"Sioux City, IA-NE-SD",metro,,75192,2024
43620,"Sioux Falls, SD-MN",metro,,82754,2024
43640,"Slidell-Mandeville-Covington, LA",metro,,81202,2024
43780,"South Bend-Mishawaka, IN-MI",metro,,67217,2024
43900,"Spartanburg, SC",metro,,64382,2024
44060,"Spokane-Spokane Valley, WA",metro,,77488,2024
44100,"Springfield, IL",metro,,75895,2024
44140,"Springfield, MA",metro,,71306,2024
44180,"Springfield, MO",metro,,65071,2024
44220,"Springfield, OH",metro,,63132,2024
44300,"State College, PA",metro,,74291,2024
44420,"Staunton-Stuarts Draft, VA",metro,,73544,2024
44700,"Stockton-Lodi, CA",metro,,92179,2024
44940,"Sumter, SC",metro,,56693,2024
45060,"Syracuse, NY",metro,,75492,2024
45104,"Tacoma-Lakewood, WA",division,42660,99564,2024
45220,"Tallahassee, FL",metro,,65261,2024
45300,"Tampa-St. Petersburg-Clearwater, FL",metro,,74392,2024
45460,"Terre Haute, IN",metro,,56594,2024
45500,"Texarkana, TX-AR",metro,,55646,2024
45780,"Toledo, OH",metro,,65486,2024
45820,"Topeka, KS",metro,,69888,2024
45900,"Traverse City, MI",metro,,80889,2024
45940,"Trenton-Princeton, NJ",metro,,100645,2024
46060,"Tucson, AZ",metro,,70315,2024
46140,"Tulsa, OK",metro,,69359,2024
46220,"Tuscaloosa, AL",metro,,61517,2024
46300,"Twin Falls, ID",metro,,68810,2024
46340,"Tyler, TX",metro,,74192,2024
46520,"Urban Honolulu, HI",metro,,106195,2024
46540,"Utica-Rome, NY",metro,,69779,2024
46660,"Valdosta, GA",metro,,57085,2024
46700,"Vallejo, CA",metro,,100401,2024
47020,"Victoria, TX",metro,,70236,2024
47220,"Vineland, NJ",metro,,67436,2024
47260,"Virginia Beach-Chesapeake-Norfolk, VA-NC",metro,,82330,2024
47300,"Visalia, CA",metro,,71300,2024
47380,"Waco, TX",metro,,66205,2024
47460,"Walla Walla, WA",metro,,74202,2024
47580,"Warner Robins, GA",metro,,79345,2024
47664,"Warren-Troy-Farmington Hills, MI",division,19820,88280,2024
47764,"Washington, DC-MD",division,47900,106950,2024
47900,"Washington-Arlington-Alexandria, DC-VA-MD-WV",metro,,126684,2024
47930,"Waterbury-Shelton, CT",metro,,86191,2024
47940,"Waterloo-Cedar Falls, IA",metro,,70811,2024
48060,"Watertown-Fort Drum, NY",metro,,66301,2024
48140,"Wausau, WI",metro,,77884,2024
48260,"Weirton-Steubenville, WV-OH",metro,,58784,2024
48300,"Wenatchee-East Wenatchee, WA",metro,,81938,2024
48424,"West Palm Beach-Boca Raton-Delray Beach, FL",division,33100,83581,2024
48540,"Wheeling, WV-OH",metro,,57418,2024
48620,"Wichita, KS",metro,,70655,2024
48660,"Wichita Falls, TX",metro,,65379,2024
48680,"Wildwood-The Villages, FL",metro,,76508,2024
48700,"Williamsport, PA",metro,,63917,2024
48864,"Wilmington, DE-MD-NJ",division,37980,90224,2024
48900,"Wilmington, NC",metro,,76471,2024
49020,"Winchester, VA-WV",metro,,84298,2024
49180,"Winston-Salem, NC",metro,,65975,2024
49340,"Worcester, MA",metro,,95939,2024
49420,"Yakima, WA",metro,,70656,2024
49620,"York-Hanover, PA",metro,,84829,2024
49660,"Youngstown-Warren, OH",metro,,56713,2024
49700,"Yuba City, CA",metro,,78179,2024
49740,"Yuma, AZ",metro,,62876,2024
